<?xml version="1.0" encoding="UTF-8"?>
<!DOCTYPE suite SYSTEM "https://testng.org/testng-1.0.dtd">
<suite name="Suite">
  <test thread-count="5" name="Test_All">
    <classes>
      <class name="com.portalsearch.testcases.LoginPageTest"/>
      <class name="com.portalsearch.testcases.EndToEndTest"/>
      <class name="com.portalsearch.testcases.AccountCreationPageTest"/>
      <class name="com.portalsearch.testcases.OrderPageTest"/>
      <class name="com.portalsearch.testcases.IndexPageTest"/>
      <class name="com.portalsearch.testcases.HomePageTest"/>
      <class name="com.portalsearch.testcases.SearchResultPageTest"/>
      <class name="com.portalsearch.testcases.AddToCartPageTest"/>
    </classes>
  </test> <!-- Test -->
</suite> <!-- Suite -->
